{
  "metadata": {
    "schema_version": "3.1.0",
    "plugin_name": "WordPress VAPT Protection Suite",
    "generated_at": "2026-01-30T00:00:00.000000Z",
    "total_risks": 12,
    "ai_agent_compatible": true,
    "ui_framework": "React/WordPress-Admin",
    "source_version": "3.0.0",
    "source_document": "VAPT-Complete-Risk-Catalog-99.json",
    "source_generated_at": "2026-01-20"
  },
  "risk_catalog": [
    {
      "risk_id": "RISK-088",
      "title": "wp-cron.php Enabled Leads to DoS Attack",
      "category": "Configuration",
      "severity": {
        "level": "high",
        "cvss_score": 7.5,
        "cvss_vector": "CVSS:3.1/AV:N/AC:L/PR:N/UI:N/S:U/C:H/I:N/A:N",
        "business_impact": "Risk of Configuration compromise leading to data breach or system compromise"
      },
      "description": {
        "summary": "WordPress cron system enabled via wp-cron.php allows resource exhaustion through repeated cron spam requests, leading to server overload.",
        "detailed": "WordPress cron system enabled via wp-cron.php allows resource exhaustion through repeated cron spam requests, leading to server overload.",
        "attack_scenario": "An attacker exploits this configuration to compromise system security",
        "affected_components": [
          "WordPress Core",
          "Plugins",
          "Themes",
          "Custom Code"
        ]
      },
      "owasp_mapping": {
        "owasp_top_10_2021": "A04:2021 - Insecure Design",
        "pci_dss": [
          "Requirement-6.5"
        ],
        "gdpr": [
          "Article-32"
        ],
        "nist_csf": [
          "PR.DS-5"
        ],
        "cwe": [
          "CWE-000"
        ]
      },
      "testing": {
        "test_method": "Direct endpoint access",
        "difficulty": "medium",
        "tools_required": [
          "Manual testing",
          "Browser DevTools"
        ],
        "verification_steps": [
          {
            "step_number": 1,
            "action": "1. Access /wp-cron.php directly",
            "expected_result": "Should be protected/blocked",
            "command": null,
            "automated": false
          },
          {
            "step_number": 2,
            "action": "2. Monitor server load during repeated requests",
            "expected_result": "Should be protected/blocked",
            "command": null,
            "automated": false
          },
          {
            "step_number": 3,
            "action": "3. Check cron event logs for spam triggers",
            "expected_result": "Should be protected/blocked",
            "command": null,
            "automated": false
          },
          {
            "step_number": 4,
            "action": "4. Verify resource exhaustion under load",
            "expected_result": "Should be protected/blocked",
            "command": null,
            "automated": false
          }
        ],
        "test_payloads": []
      },
      "protection": {
        "remediation_effort": "low",
        "estimated_time": "1-2 days",
        "priority": 8,
        "automated_protection": {
          "available": true,
          "method": "plugin-configuration",
          "implementation_steps": [
            {
              "step_number": 1,
              "description": "Disable wp-cron.php via wp-config.php (define('DISABLE_WP_CRON', true)); Use server cron jobs instead.",
              "file": "wp-config.php",
              "code": "Disable wp-cron.php via wp-config.php (define('DISABLE_WP_CRON', true)); Use server cron jobs instead.",
              "backup_required": true
            }
          ]
        },
        "manual_steps": [
          {
            "step_number": 1,
            "description": "Review and test the protection",
            "reason": "Requires validation in production environment",
            "verification": "Perform security testing after implementation"
          }
        ],
        "configuration_changes": {
          "wp_config": {
            "constants": {}
          },
          "htaccess_rules": [],
          "php_ini": {}
        },
        "plugin_dependencies": []
      },
      "verification_engine": {
        "automated_checks": [
          {
            "check_id": "CHECK-088-001",
            "name": "wp-cron.php Enabled Leads to DoS Attack Check",
            "method": "endpoint-test",
            "script": "check_1()",
            "success_criteria": {
              "condition": "equals",
              "expected_value": "protected",
              "actual_value_source": "security_scan"
            },
            "failure_message": "wp-cron.php Enabled Leads to DoS Attack vulnerability detected"
          }
        ],
        "manual_verification": [],
        "continuous_monitoring": {
          "enabled": true,
          "frequency": "weekly",
          "alert_on_failure": true,
          "auto_remediate": false
        }
      },
      "ui_configuration": {
        "components": [
          {
            "component_id": "UI-wp-cron.php-enabled-leads-to-dos-attack-001",
            "type": "toggle",
            "label": "Enable wp-cron.php Enabled Leads to DoS Attack Protection",
            "description": "Activates protection against wp-cron.php enabled leads to dos attack",
            "default_value": true,
            "options": [],
            "validation": {
              "required": false
            },
            "on_change": "togglewp-cron.phpEnabledLeadstoDoSAttack",
            "dependencies": []
          }
        ],
        "layout": {
          "section": "Advanced",
          "order": 88,
          "collapsible": true,
          "default_expanded": true
        },
        "actions": [
          {
            "action_id": "ACTION-088-001",
            "type": "enable",
            "label": "Enable Protection",
            "confirmation_required": true,
            "confirmation_message": "This will enable protection. Continue?",
            "processing_message": "Enabling protection...",
            "success_message": "Protection enabled successfully",
            "error_handler": "handleProtectionError"
          }
        ]
      },
      "reporting": {
        "status_indicators": [
          {
            "indicator": "protected",
            "display": "badge",
            "message": "wp-cron.php Enabled Leads to DoS Attack protection active"
          }
        ],
        "export_formats": [
          "pdf",
          "json",
          "csv"
        ],
        "share_capability": true
      },
      "code_examples": [
        {
          "language": "php",
          "description": "Implementation for wp-cron.php Enabled Leads to DoS Attack",
          "code": "Disable wp-cron.php via wp-config.php (define('DISABLE_WP_CRON', true)); Use server cron jobs instead.",
          "file_location": "functions.php or plugin file"
        }
      ],
      "references": [
        {
          "title": "OWASP Security Guide",
          "url": "https://owasp.org/",
          "type": "documentation"
        },
        {
          "title": "WordPress Security Best Practices",
          "url": "https://wordpress.org/support/article/hardening-wordpress/",
          "type": "documentation"
        }
      ],
      "metadata": {
        "created_at": "2026-01-28T18:23:59.202050Z",
        "updated_at": "2026-01-28T18:23:59.202051Z",
        "version": "1.0.0",
        "author": "Security Team",
        "review_status": "approved",
        "tags": [
          "configuration",
          "high",
          "1"
        ]
      }
    },
    {
      "risk_id": "RISK-089",
      "title": "Xmlrpc enabled Leads to Ping back attack",
      "category": "Information Disclosure",
      "severity": {
        "level": "high",
        "cvss_score": 7.5,
        "cvss_vector": "CVSS:3.1/AV:N/AC:L/PR:N/UI:N/S:U/C:H/I:N/A:N",
        "business_impact": "Risk of Information Disclosure compromise leading to data breach or system compromise"
      },
      "description": {
        "summary": "XML-RPC enabled allows distributed pingback amplification attacks, enabling DDoS via pingback.ping method.",
        "detailed": "XML-RPC enabled allows distributed pingback amplification attacks, enabling DDoS via pingback.ping method.",
        "attack_scenario": "An attacker exploits this information disclosure to compromise system security",
        "affected_components": [
          "WordPress Core",
          "Plugins",
          "Themes",
          "Custom Code"
        ]
      },
      "owasp_mapping": {
        "owasp_top_10_2021": "A05:2021 - Security Misconfiguration",
        "pci_dss": [
          "Requirement-6.5"
        ],
        "gdpr": [
          "Article-32"
        ],
        "nist_csf": [
          "PR.DS-5"
        ],
        "cwe": [
          "CWE-000"
        ]
      },
      "testing": {
        "test_method": "XML-RPC pingback test",
        "difficulty": "medium",
        "tools_required": [
          "Manual testing",
          "Browser DevTools"
        ],
        "verification_steps": [
          {
            "step_number": 1,
            "action": "1. POST to /xmlrpc.php with pingback.ping method",
            "expected_result": "Should be protected/blocked",
            "command": null,
            "automated": false
          },
          {
            "step_number": 2,
            "action": "2. Verify amplification response size",
            "expected_result": "Should be protected/blocked",
            "command": null,
            "automated": false
          },
          {
            "step_number": 3,
            "action": "3. Test with external target URL",
            "expected_result": "Should be protected/blocked",
            "command": null,
            "automated": false
          },
          {
            "step_number": 4,
            "action": "4. Check server logs for XML-RPC access",
            "expected_result": "Should be protected/blocked",
            "command": null,
            "automated": false
          }
        ],
        "test_payloads": []
      },
      "protection": {
        "remediation_effort": "low",
        "estimated_time": "1-2 days",
        "priority": 8,
        "automated_protection": {
          "available": true,
          "method": "plugin-configuration",
          "implementation_steps": [
            {
              "step_number": 1,
              "description": "Disable XML-RPC via .htaccess or plugins like Disable XML-RPC. Block /xmlrpc.php entirely.",
              "file": "wp-config.php",
              "code": "Disable XML-RPC via .htaccess or plugins like Disable XML-RPC. Block /xmlrpc.php entirely.",
              "backup_required": true
            }
          ]
        },
        "manual_steps": [
          {
            "step_number": 1,
            "description": "Review and test the protection",
            "reason": "Requires validation in production environment",
            "verification": "Perform security testing after implementation"
          }
        ],
        "configuration_changes": {
          "wp_config": {
            "constants": {}
          },
          "htaccess_rules": [],
          "php_ini": {}
        },
        "plugin_dependencies": []
      },
      "verification_engine": {
        "automated_checks": [
          {
            "check_id": "CHECK-089-001",
            "name": "Xmlrpc enabled Leads to Ping back attack Check",
            "method": "endpoint-test",
            "script": "check_2()",
            "success_criteria": {
              "condition": "equals",
              "expected_value": "protected",
              "actual_value_source": "security_scan"
            },
            "failure_message": "Xmlrpc enabled Leads to Ping back attack vulnerability detected"
          }
        ],
        "manual_verification": [],
        "continuous_monitoring": {
          "enabled": true,
          "frequency": "weekly",
          "alert_on_failure": true,
          "auto_remediate": false
        }
      },
      "ui_configuration": {
        "components": [
          {
            "component_id": "UI-xmlrpc-enabled-leads-to-ping-back-attack-001",
            "type": "toggle",
            "label": "Enable Xmlrpc enabled Leads to Ping back attack Protection",
            "description": "Activates protection against xmlrpc enabled leads to ping back attack",
            "default_value": true,
            "options": [],
            "validation": {
              "required": false
            },
            "on_change": "toggleXmlrpcenabledLeadstoPingbackattack",
            "dependencies": []
          }
        ],
        "layout": {
          "section": "Advanced",
          "order": 89,
          "collapsible": true,
          "default_expanded": true
        },
        "actions": [
          {
            "action_id": "ACTION-089-001",
            "type": "enable",
            "label": "Enable Protection",
            "confirmation_required": true,
            "confirmation_message": "This will enable protection. Continue?",
            "processing_message": "Enabling protection...",
            "success_message": "Protection enabled successfully",
            "error_handler": "handleProtectionError"
          }
        ]
      },
      "reporting": {
        "status_indicators": [
          {
            "indicator": "protected",
            "display": "badge",
            "message": "Xmlrpc enabled Leads to Ping back attack protection active"
          }
        ],
        "export_formats": [
          "pdf",
          "json",
          "csv"
        ],
        "share_capability": true
      },
      "code_examples": [
        {
          "language": "php",
          "description": "Implementation for Xmlrpc enabled Leads to Ping back attack",
          "code": "Disable XML-RPC via .htaccess or plugins like Disable XML-RPC. Block /xmlrpc.php entirely.",
          "file_location": "functions.php or plugin file"
        }
      ],
      "references": [
        {
          "title": "OWASP Security Guide",
          "url": "https://owasp.org/",
          "type": "documentation"
        },
        {
          "title": "WordPress Security Best Practices",
          "url": "https://wordpress.org/support/article/hardening-wordpress/",
          "type": "documentation"
        }
      ],
      "metadata": {
        "created_at": "2026-01-28T18:23:59.202086Z",
        "updated_at": "2026-01-28T18:23:59.202087Z",
        "version": "1.0.0",
        "author": "Security Team",
        "review_status": "approved",
        "tags": [
          "information disclosure",
          "high",
          "2"
        ]
      }
    },
    {
      "risk_id": "RISK-090",
      "title": "Username Enumeration via WordPress REST API",
      "category": "Authentication",
      "severity": {
        "level": "medium",
        "cvss_score": 5.3,
        "cvss_vector": "CVSS:3.1/AV:N/AC:L/PR:N/UI:N/S:U/C:L/I:N/A:N",
        "business_impact": "Risk of Authentication compromise leading to data breach or system compromise"
      },
      "description": {
        "summary": "WP REST API /wp/v2/users endpoint exposes usernames without authentication.",
        "detailed": "WP REST API /wp/v2/users endpoint exposes usernames without authentication.",
        "attack_scenario": "An attacker exploits this authentication to compromise system security",
        "affected_components": [
          "WordPress Core",
          "Plugins",
          "Themes",
          "Custom Code"
        ]
      },
      "owasp_mapping": {
        "owasp_top_10_2021": "A01:2021 - Broken Access Control",
        "pci_dss": [
          "Requirement-6.5"
        ],
        "gdpr": [
          "Article-32"
        ],
        "nist_csf": [
          "PR.DS-5"
        ],
        "cwe": [
          "CWE-000"
        ]
      },
      "testing": {
        "test_method": "REST API enumeration",
        "difficulty": "easy",
        "tools_required": [
          "Manual testing",
          "Browser DevTools"
        ],
        "verification_steps": [
          {
            "step_number": 1,
            "action": "1. GET /wp/v2/users",
            "expected_result": "Should be protected/blocked",
            "command": null,
            "automated": false
          },
          {
            "step_number": 2,
            "action": "2. Check response for username slugs",
            "expected_result": "Should be protected/blocked",
            "command": null,
            "automated": false
          },
          {
            "step_number": 3,
            "action": "3. Iterate ?page=2 for pagination",
            "expected_result": "Should be protected/blocked",
            "command": null,
            "automated": false
          },
          {
            "step_number": 4,
            "action": "4. Verify no auth required",
            "expected_result": "Should be protected/blocked",
            "command": null,
            "automated": false
          }
        ],
        "test_payloads": []
      },
      "protection": {
        "remediation_effort": "medium",
        "estimated_time": "1-4 hours",
        "priority": 6,
        "automated_protection": {
          "available": true,
          "method": "plugin-configuration",
          "implementation_steps": [
            {
              "step_number": 1,
              "description": "Add .htaccess rule: RewriteRule ^wp-json/wp/v2/users - [F]. Use authentication plugins.",
              "file": "wp-config.php",
              "code": "Add .htaccess rule: RewriteRule ^wp-json/wp/v2/users - [F]. Use authentication plugins.",
              "backup_required": true
            }
          ]
        },
        "manual_steps": [
          {
            "step_number": 1,
            "description": "Review and test the protection",
            "reason": "Requires validation in production environment",
            "verification": "Perform security testing after implementation"
          }
        ],
        "configuration_changes": {
          "wp_config": {
            "constants": {}
          },
          "htaccess_rules": [],
          "php_ini": {}
        },
        "plugin_dependencies": []
      },
      "verification_engine": {
        "automated_checks": [
          {
            "check_id": "CHECK-090-001",
            "name": "Username Enumeration via WordPress REST API Check",
            "method": "endpoint-test",
            "script": "check_3()",
            "success_criteria": {
              "condition": "equals",
              "expected_value": "protected",
              "actual_value_source": "security_scan"
            },
            "failure_message": "Username Enumeration via WordPress REST API vulnerability detected"
          }
        ],
        "manual_verification": [],
        "continuous_monitoring": {
          "enabled": true,
          "frequency": "monthly",
          "alert_on_failure": true,
          "auto_remediate": false
        }
      },
      "ui_configuration": {
        "components": [
          {
            "component_id": "UI-username-enumeration-via-wordpress-rest-api-001",
            "type": "toggle",
            "label": "Enable Username Enumeration via WordPress REST API Protection",
            "description": "Activates protection against username enumeration via wordpress rest api",
            "default_value": true,
            "options": [],
            "validation": {
              "required": false
            },
            "on_change": "toggleUsernameEnumerationviaWordPressRESTAPI",
            "dependencies": []
          },
          {
            "component_id": "UI-username-enumeration-via-wordpress-rest-api-002",
            "type": "dropdown",
            "label": "Protection Level",
            "description": "Select the strictness of protection",
            "default_value": "strict",
            "options": [
              "permissive",
              "moderate",
              "strict"
            ],
            "validation": {
              "required": true
            },
            "on_change": "updateProtectionLevel",
            "dependencies": [
              "UI-username-enumeration-via-wordpress-rest-api-001"
            ]
          }
        ],
        "layout": {
          "section": "General",
          "order": 90,
          "collapsible": true,
          "default_expanded": false
        },
        "actions": [
          {
            "action_id": "ACTION-090-001",
            "type": "enable",
            "label": "Enable Protection",
            "confirmation_required": false,
            "confirmation_message": "This will enable protection. Continue?",
            "processing_message": "Enabling protection...",
            "success_message": "Protection enabled successfully",
            "error_handler": "handleProtectionError"
          }
        ]
      },
      "reporting": {
        "status_indicators": [
          {
            "indicator": "protected",
            "display": "badge",
            "message": "Username Enumeration via WordPress REST API protection active"
          }
        ],
        "export_formats": [
          "pdf",
          "json",
          "csv"
        ],
        "share_capability": true
      },
      "code_examples": [
        {
          "language": "php",
          "description": "Implementation for Username Enumeration via WordPress REST API",
          "code": "Add .htaccess rule: RewriteRule ^wp-json/wp/v2/users - [F]. Use authentication plugins.",
          "file_location": "functions.php or plugin file"
        }
      ],
      "references": [
        {
          "title": "OWASP Security Guide",
          "url": "https://owasp.org/",
          "type": "documentation"
        },
        {
          "title": "WordPress Security Best Practices",
          "url": "https://wordpress.org/support/article/hardening-wordpress/",
          "type": "documentation"
        }
      ],
      "metadata": {
        "created_at": "2026-01-28T18:23:59.202127Z",
        "updated_at": "2026-01-28T18:23:59.202128Z",
        "version": "1.0.0",
        "author": "Security Team",
        "review_status": "approved",
        "tags": [
          "authentication",
          "medium",
          "3"
        ]
      }
    },
    {
      "risk_id": "RISK-091",
      "title": "Email Flooding via Password Reset",
      "category": "Authentication",
      "severity": {
        "level": "medium",
        "cvss_score": 5.3,
        "cvss_vector": "CVSS:3.1/AV:N/AC:L/PR:N/UI:N/S:U/C:L/I:N/A:N",
        "business_impact": "Risk of Authentication compromise leading to data breach or system compromise"
      },
      "description": {
        "summary": "wp-login.php?checkemail=1 endpoint abuse allows unlimited password reset emails.",
        "detailed": "wp-login.php?checkemail=1 endpoint abuse allows unlimited password reset emails.",
        "attack_scenario": "An attacker exploits this authentication to compromise system security",
        "affected_components": [
          "WordPress Core",
          "Plugins",
          "Themes",
          "Custom Code"
        ]
      },
      "owasp_mapping": {
        "owasp_top_10_2021": "A07:2021 - Identification and Authentication Failures",
        "pci_dss": [
          "Requirement-6.5"
        ],
        "gdpr": [
          "Article-32"
        ],
        "nist_csf": [
          "PR.DS-5"
        ],
        "cwe": [
          "CWE-000"
        ]
      },
      "testing": {
        "test_method": "Password reset spam",
        "difficulty": "easy",
        "tools_required": [
          "Manual testing",
          "Browser DevTools"
        ],
        "verification_steps": [
          {
            "step_number": 1,
            "action": "1. POST to /wp-login.php?action=lostpassword",
            "expected_result": "Should be protected/blocked",
            "command": null,
            "automated": false
          },
          {
            "step_number": 2,
            "action": "2. Check email delivery repeatedly",
            "expected_result": "Should be protected/blocked",
            "command": null,
            "automated": false
          },
          {
            "step_number": 3,
            "action": "3. Monitor mail logs for flood",
            "expected_result": "Should be protected/blocked",
            "command": null,
            "automated": false
          },
          {
            "step_number": 4,
            "action": "4. Test rate without limits",
            "expected_result": "Should be protected/blocked",
            "command": null,
            "automated": false
          }
        ],
        "test_payloads": []
      },
      "protection": {
        "remediation_effort": "medium",
        "estimated_time": "1-4 hours",
        "priority": 6,
        "automated_protection": {
          "available": true,
          "method": "plugin-configuration",
          "implementation_steps": [
            {
              "step_number": 1,
              "description": "Implement rate limiting via plugins (Limit Login Attempts). Add CAPTCHA to reset form.",
              "file": "wp-config.php",
              "code": "Implement rate limiting via plugins (Limit Login Attempts). Add CAPTCHA to reset form.",
              "backup_required": true
            }
          ]
        },
        "manual_steps": [
          {
            "step_number": 1,
            "description": "Review and test the protection",
            "reason": "Requires validation in production environment",
            "verification": "Perform security testing after implementation"
          }
        ],
        "configuration_changes": {
          "wp_config": {
            "constants": {}
          },
          "htaccess_rules": [],
          "php_ini": {}
        },
        "plugin_dependencies": []
      },
      "verification_engine": {
        "automated_checks": [
          {
            "check_id": "CHECK-091-001",
            "name": "Email Flooding via Password Reset Check",
            "method": "endpoint-test",
            "script": "check_4()",
            "success_criteria": {
              "condition": "equals",
              "expected_value": "protected",
              "actual_value_source": "security_scan"
            },
            "failure_message": "Email Flooding via Password Reset vulnerability detected"
          }
        ],
        "manual_verification": [],
        "continuous_monitoring": {
          "enabled": true,
          "frequency": "monthly",
          "alert_on_failure": true,
          "auto_remediate": false
        }
      },
      "ui_configuration": {
        "components": [
          {
            "component_id": "UI-email-flooding-via-password-reset-001",
            "type": "toggle",
            "label": "Enable Email Flooding via Password Reset Protection",
            "description": "Activates protection against email flooding via password reset",
            "default_value": true,
            "options": [],
            "validation": {
              "required": false
            },
            "on_change": "toggleEmailFloodingviaPasswordReset",
            "dependencies": []
          },
          {
            "component_id": "UI-email-flooding-via-password-reset-002",
            "type": "dropdown",
            "label": "Protection Level",
            "description": "Select the strictness of protection",
            "default_value": "strict",
            "options": [
              "permissive",
              "moderate",
              "strict"
            ],
            "validation": {
              "required": true
            },
            "on_change": "updateProtectionLevel",
            "dependencies": [
              "UI-email-flooding-via-password-reset-001"
            ]
          }
        ],
        "layout": {
          "section": "General",
          "order": 91,
          "collapsible": true,
          "default_expanded": false
        },
        "actions": [
          {
            "action_id": "ACTION-091-001",
            "type": "enable",
            "label": "Enable Protection",
            "confirmation_required": false,
            "confirmation_message": "This will enable protection. Continue?",
            "processing_message": "Enabling protection...",
            "success_message": "Protection enabled successfully",
            "error_handler": "handleProtectionError"
          }
        ]
      },
      "reporting": {
        "status_indicators": [
          {
            "indicator": "protected",
            "display": "badge",
            "message": "Email Flooding via Password Reset protection active"
          }
        ],
        "export_formats": [
          "pdf",
          "json",
          "csv"
        ],
        "share_capability": true
      },
      "code_examples": [
        {
          "language": "php",
          "description": "Implementation for Email Flooding via Password Reset",
          "code": "Implement rate limiting via plugins (Limit Login Attempts). Add CAPTCHA to reset form.",
          "file_location": "functions.php or plugin file"
        }
      ],
      "references": [
        {
          "title": "OWASP Security Guide",
          "url": "https://owasp.org/",
          "type": "documentation"
        },
        {
          "title": "WordPress Security Best Practices",
          "url": "https://wordpress.org/support/article/hardening-wordpress/",
          "type": "documentation"
        }
      ],
      "metadata": {
        "created_at": "2026-01-28T18:23:59.202206Z",
        "updated_at": "2026-01-28T18:23:59.202208Z",
        "version": "1.0.0",
        "author": "Security Team",
        "review_status": "approved",
        "tags": [
          "authentication",
          "medium",
          "4"
        ]
      }
    },
    {
      "risk_id": "RISK-092",
      "title": "Exposed WordPress Admin Username via Author Query",
      "category": "Information Disclosure",
      "severity": {
        "level": "medium",
        "cvss_score": 5.3,
        "cvss_vector": "CVSS:3.1/AV:N/AC:L/PR:N/UI:N/S:U/C:L/I:N/A:N",
        "business_impact": "Risk of Information Disclosure compromise leading to data breach or system compromise"
      },
      "description": {
        "summary": "/?author=1 reveals admin usernames through IDOR in author archives.",
        "detailed": "/?author=1 reveals admin usernames through IDOR in author archives.",
        "attack_scenario": "An attacker exploits this information disclosure to compromise system security",
        "affected_components": [
          "WordPress Core",
          "Plugins",
          "Themes",
          "Custom Code"
        ]
      },
      "owasp_mapping": {
        "owasp_top_10_2021": "A01:2021 - Broken Access Control",
        "pci_dss": [
          "Requirement-6.5"
        ],
        "gdpr": [
          "Article-32"
        ],
        "nist_csf": [
          "PR.DS-5"
        ],
        "cwe": [
          "CWE-000"
        ]
      },
      "testing": {
        "test_method": "Author ID enumeration",
        "difficulty": "easy",
        "tools_required": [
          "Manual testing",
          "Browser DevTools"
        ],
        "verification_steps": [
          {
            "step_number": 1,
            "action": "1. Access /?author=1",
            "expected_result": "Should be protected/blocked",
            "command": null,
            "automated": false
          },
          {
            "step_number": 2,
            "action": "2. Extract author name from meta/h1",
            "expected_result": "Should be protected/blocked",
            "command": null,
            "automated": false
          },
          {
            "step_number": 3,
            "action": "3. Iterate author=2,3,...",
            "expected_result": "Should be protected/blocked",
            "command": null,
            "automated": false
          },
          {
            "step_number": 4,
            "action": "4. Check post archives",
            "expected_result": "Should be protected/blocked",
            "command": null,
            "automated": false
          }
        ],
        "test_payloads": []
      },
      "protection": {
        "remediation_effort": "low",
        "estimated_time": "1-4 hours",
        "priority": 6,
        "automated_protection": {
          "available": true,
          "method": "plugin-configuration",
          "implementation_steps": [
            {
              "step_number": 1,
              "description": "Add .htaccess: RewriteCond %{QUERY_STRING} ^author=.* [NC] RewriteRule .* - [R=403]. Rename admin user.",
              "file": "wp-config.php",
              "code": "Add .htaccess: RewriteCond %{QUERY_STRING} ^author=.* [NC] RewriteRule .* - [R=403]. Rename admin user.",
              "backup_required": true
            }
          ]
        },
        "manual_steps": [
          {
            "step_number": 1,
            "description": "Review and test the protection",
            "reason": "Requires validation in production environment",
            "verification": "Perform security testing after implementation"
          }
        ],
        "configuration_changes": {
          "wp_config": {
            "constants": {}
          },
          "htaccess_rules": [],
          "php_ini": {}
        },
        "plugin_dependencies": []
      },
      "verification_engine": {
        "automated_checks": [
          {
            "check_id": "CHECK-092-001",
            "name": "Exposed WordPress Admin Username via Author Query Check",
            "method": "endpoint-test",
            "script": "check_5()",
            "success_criteria": {
              "condition": "equals",
              "expected_value": "protected",
              "actual_value_source": "security_scan"
            },
            "failure_message": "Exposed WordPress Admin Username via Author Query vulnerability detected"
          }
        ],
        "manual_verification": [],
        "continuous_monitoring": {
          "enabled": true,
          "frequency": "monthly",
          "alert_on_failure": true,
          "auto_remediate": false
        }
      },
      "ui_configuration": {
        "components": [
          {
            "component_id": "UI-exposed-wordpress-admin-username-via-author-query-001",
            "type": "toggle",
            "label": "Enable Exposed WordPress Admin Username via Author Query Protection",
            "description": "Activates protection against exposed wordpress admin username via author query",
            "default_value": true,
            "options": [],
            "validation": {
              "required": false
            },
            "on_change": "toggleExposedWordPressAdminUsernameviaAuthorQuery",
            "dependencies": []
          }
        ],
        "layout": {
          "section": "General",
          "order": 92,
          "collapsible": true,
          "default_expanded": false
        },
        "actions": [
          {
            "action_id": "ACTION-092-001",
            "type": "enable",
            "label": "Enable Protection",
            "confirmation_required": false,
            "confirmation_message": "This will enable protection. Continue?",
            "processing_message": "Enabling protection...",
            "success_message": "Protection enabled successfully",
            "error_handler": "handleProtectionError"
          }
        ]
      },
      "reporting": {
        "status_indicators": [
          {
            "indicator": "protected",
            "display": "badge",
            "message": "Exposed WordPress Admin Username via Author Query protection active"
          }
        ],
        "export_formats": [
          "pdf",
          "json",
          "csv"
        ],
        "share_capability": true
      },
      "code_examples": [
        {
          "language": "php",
          "description": "Implementation for Exposed WordPress Admin Username via Author Query",
          "code": "Add .htaccess: RewriteCond %{QUERY_STRING} ^author=.* [NC] RewriteRule .* - [R=403]. Rename admin user.",
          "file_location": "functions.php or plugin file"
        }
      ],
      "references": [
        {
          "title": "OWASP Security Guide",
          "url": "https://owasp.org/",
          "type": "documentation"
        },
        {
          "title": "WordPress Security Best Practices",
          "url": "https://wordpress.org/support/article/hardening-wordpress/",
          "type": "documentation"
        }
      ],
      "metadata": {
        "created_at": "2026-01-28T18:23:59.202257Z",
        "updated_at": "2026-01-28T18:23:59.202258Z",
        "version": "1.0.0",
        "author": "Security Team",
        "review_status": "approved",
        "tags": [
          "information disclosure",
          "medium",
          "5"
        ]
      }
    },
    {
      "risk_id": "RISK-093",
      "title": "Endpoint Disclosure (auto-generated WP REST routes)",
      "category": "API Security",
      "severity": {
        "level": "low",
        "cvss_score": 3.7,
        "cvss_vector": "CVSS:3.1/AV:N/AC:H/PR:N/UI:N/S:U/C:L/I:N/A:N",
        "business_impact": "Risk of API Security compromise leading to data breach or system compromise"
      },
      "description": {
        "summary": "WordPress auto-generates REST API routes exposing internal endpoints without permission checks.",
        "detailed": "WordPress auto-generates REST API routes exposing internal endpoints without permission checks.",
        "attack_scenario": "An attacker exploits this api security to compromise system security",
        "affected_components": [
          "WordPress Core",
          "Plugins",
          "Themes",
          "Custom Code"
        ]
      },
      "owasp_mapping": {
        "owasp_top_10_2021": "A05:2021 - Security Misconfiguration",
        "pci_dss": [
          "Requirement-6.5"
        ],
        "gdpr": [
          "Article-32"
        ],
        "nist_csf": [
          "PR.DS-5"
        ],
        "cwe": [
          "CWE-000"
        ]
      },
      "testing": {
        "test_method": "REST API discovery",
        "difficulty": "easy",
        "tools_required": [
          "Manual testing",
          "Browser DevTools"
        ],
        "verification_steps": [
          {
            "step_number": 1,
            "action": "1. GET /wp-json/ to list namespaces",
            "expected_result": "Should be protected/blocked",
            "command": null,
            "automated": false
          },
          {
            "step_number": 2,
            "action": "2. Access undocumented routes",
            "expected_result": "Should be protected/blocked",
            "command": null,
            "automated": false
          },
          {
            "step_number": 3,
            "action": "3. Check for sensitive data exposure",
            "expected_result": "Should be protected/blocked",
            "command": null,
            "automated": false
          },
          {
            "step_number": 4,
            "action": "4. Test unauthenticated access",
            "expected_result": "Should be protected/blocked",
            "command": null,
            "automated": false
          }
        ],
        "test_payloads": []
      },
      "protection": {
        "remediation_effort": "medium",
        "estimated_time": "1-4 hours",
        "priority": 4,
        "automated_protection": {
          "available": true,
          "method": "plugin-configuration",
          "implementation_steps": [
            {
              "step_number": 1,
              "description": "Disable public REST endpoints or use authentication middleware.",
              "file": "wp-config.php",
              "code": "Disable public REST endpoints or use authentication middleware.",
              "backup_required": true
            }
          ]
        },
        "manual_steps": [
          {
            "step_number": 1,
            "description": "Review and test the protection",
            "reason": "Requires validation in production environment",
            "verification": "Perform security testing after implementation"
          }
        ],
        "configuration_changes": {
          "wp_config": {
            "constants": {}
          },
          "htaccess_rules": [],
          "php_ini": {}
        },
        "plugin_dependencies": []
      },
      "verification_engine": {
        "automated_checks": [
          {
            "check_id": "CHECK-093-001",
            "name": "Endpoint Disclosure (auto-generated WP REST routes) Check",
            "method": "endpoint-test",
            "script": "check_6()",
            "success_criteria": {
              "condition": "equals",
              "expected_value": "protected",
              "actual_value_source": "security_scan"
            },
            "failure_message": "Endpoint Disclosure (auto-generated WP REST routes) vulnerability detected"
          }
        ],
        "manual_verification": [],
        "continuous_monitoring": {
          "enabled": true,
          "frequency": "monthly",
          "alert_on_failure": true,
          "auto_remediate": false
        }
      },
      "ui_configuration": {
        "components": [
          {
            "component_id": "UI-endpoint-disclosure-(auto-generated-wp-rest-routes)-001",
            "type": "toggle",
            "label": "Enable Endpoint Disclosure (auto-generated WP REST routes) Protection",
            "description": "Activates protection against endpoint disclosure (auto-generated wp rest routes)",
            "default_value": true,
            "options": [],
            "validation": {
              "required": false
            },
            "on_change": "toggleEndpointDisclosure(auto-generatedWPRESTroutes)",
            "dependencies": []
          }
        ],
        "layout": {
          "section": "General",
          "order": 93,
          "collapsible": true,
          "default_expanded": false
        },
        "actions": [
          {
            "action_id": "ACTION-093-001",
            "type": "enable",
            "label": "Enable Protection",
            "confirmation_required": false,
            "confirmation_message": "This will enable protection. Continue?",
            "processing_message": "Enabling protection...",
            "success_message": "Protection enabled successfully",
            "error_handler": "handleProtectionError"
          }
        ]
      },
      "reporting": {
        "status_indicators": [
          {
            "indicator": "protected",
            "display": "badge",
            "message": "Endpoint Disclosure (auto-generated WP REST routes) protection active"
          }
        ],
        "export_formats": [
          "pdf",
          "json",
          "csv"
        ],
        "share_capability": true
      },
      "code_examples": [
        {
          "language": "php",
          "description": "Implementation for Endpoint Disclosure (auto-generated WP REST routes)",
          "code": "Disable public REST endpoints or use authentication middleware.",
          "file_location": "functions.php or plugin file"
        }
      ],
      "references": [
        {
          "title": "OWASP Security Guide",
          "url": "https://owasp.org/",
          "type": "documentation"
        },
        {
          "title": "WordPress Security Best Practices",
          "url": "https://wordpress.org/support/article/hardening-wordpress/",
          "type": "documentation"
        }
      ],
      "metadata": {
        "created_at": "2026-01-28T18:23:59.202452Z",
        "updated_at": "2026-01-28T18:23:59.202455Z",
        "version": "1.0.0",
        "author": "Security Team",
        "review_status": "approved",
        "tags": [
          "api security",
          "low",
          "6"
        ]
      }
    },
    {
      "risk_id": "RISK-094",
      "title": "Lack of Rate Limiting on WordPress Login",
      "category": "Authentication",
      "severity": {
        "level": "high",
        "cvss_score": 7.5,
        "cvss_vector": "CVSS:3.1/AV:N/AC:L/PR:N/UI:N/S:U/C:H/I:N/A:N",
        "business_impact": "Risk of Authentication compromise leading to data breach or system compromise"
      },
      "description": {
        "summary": "wp-login.php lacks brute-force protection, enabling unlimited login attempts.",
        "detailed": "wp-login.php lacks brute-force protection, enabling unlimited login attempts.",
        "attack_scenario": "An attacker exploits this authentication to compromise system security",
        "affected_components": [
          "WordPress Core",
          "Plugins",
          "Themes",
          "Custom Code"
        ]
      },
      "owasp_mapping": {
        "owasp_top_10_2021": "A07:2021 - Identification and Authentication Failures",
        "pci_dss": [
          "Requirement-6.5"
        ],
        "gdpr": [
          "Article-32"
        ],
        "nist_csf": [
          "PR.DS-5"
        ],
        "cwe": [
          "CWE-000"
        ]
      },
      "testing": {
        "test_method": "Brute-force simulation",
        "difficulty": "medium",
        "tools_required": [
          "Manual testing",
          "Browser DevTools"
        ],
        "verification_steps": [
          {
            "step_number": 1,
            "action": "1. Attempt multiple failed logins",
            "expected_result": "Should be protected/blocked",
            "command": null,
            "automated": false
          },
          {
            "step_number": 2,
            "action": "2. Monitor for lockout/throttling",
            "expected_result": "Should be protected/blocked",
            "command": null,
            "automated": false
          },
          {
            "step_number": 3,
            "action": "3. Check server logs",
            "expected_result": "Should be protected/blocked",
            "command": null,
            "automated": false
          },
          {
            "step_number": 4,
            "action": "4. Test from multiple IPs",
            "expected_result": "Should be protected/blocked",
            "command": null,
            "automated": false
          }
        ],
        "test_payloads": []
      },
      "protection": {
        "remediation_effort": "medium",
        "estimated_time": "1-2 days",
        "priority": 8,
        "automated_protection": {
          "available": true,
          "method": "plugin-configuration",
          "implementation_steps": [
            {
              "step_number": 1,
              "description": "Install Limit Login Attempts Reloaded. Add fail2ban rules for wp-login.php.",
              "file": "wp-config.php",
              "code": "Install Limit Login Attempts Reloaded. Add fail2ban rules for wp-login.php.",
              "backup_required": true
            }
          ]
        },
        "manual_steps": [
          {
            "step_number": 1,
            "description": "Review and test the protection",
            "reason": "Requires validation in production environment",
            "verification": "Perform security testing after implementation"
          }
        ],
        "configuration_changes": {
          "wp_config": {
            "constants": {}
          },
          "htaccess_rules": [],
          "php_ini": {}
        },
        "plugin_dependencies": []
      },
      "verification_engine": {
        "automated_checks": [
          {
            "check_id": "CHECK-094-001",
            "name": "Lack of Rate Limiting on WordPress Login Check",
            "method": "endpoint-test",
            "script": "check_7()",
            "success_criteria": {
              "condition": "equals",
              "expected_value": "protected",
              "actual_value_source": "security_scan"
            },
            "failure_message": "Lack of Rate Limiting on WordPress Login vulnerability detected"
          }
        ],
        "manual_verification": [],
        "continuous_monitoring": {
          "enabled": true,
          "frequency": "weekly",
          "alert_on_failure": true,
          "auto_remediate": false
        }
      },
      "ui_configuration": {
        "components": [
          {
            "component_id": "UI-lack-of-rate-limiting-on-wordpress-login-001",
            "type": "toggle",
            "label": "Enable Lack of Rate Limiting on WordPress Login Protection",
            "description": "Activates protection against lack of rate limiting on wordpress login",
            "default_value": true,
            "options": [],
            "validation": {
              "required": false
            },
            "on_change": "toggleLackofRateLimitingonWordPressLogin",
            "dependencies": []
          },
          {
            "component_id": "UI-lack-of-rate-limiting-on-wordpress-login-002",
            "type": "dropdown",
            "label": "Protection Level",
            "description": "Select the strictness of protection",
            "default_value": "strict",
            "options": [
              "permissive",
              "moderate",
              "strict"
            ],
            "validation": {
              "required": true
            },
            "on_change": "updateProtectionLevel",
            "dependencies": [
              "UI-lack-of-rate-limiting-on-wordpress-login-001"
            ]
          }
        ],
        "layout": {
          "section": "Advanced",
          "order": 94,
          "collapsible": true,
          "default_expanded": true
        },
        "actions": [
          {
            "action_id": "ACTION-094-001",
            "type": "enable",
            "label": "Enable Protection",
            "confirmation_required": true,
            "confirmation_message": "This will enable protection. Continue?",
            "processing_message": "Enabling protection...",
            "success_message": "Protection enabled successfully",
            "error_handler": "handleProtectionError"
          }
        ]
      },
      "reporting": {
        "status_indicators": [
          {
            "indicator": "protected",
            "display": "badge",
            "message": "Lack of Rate Limiting on WordPress Login protection active"
          }
        ],
        "export_formats": [
          "pdf",
          "json",
          "csv"
        ],
        "share_capability": true
      },
      "code_examples": [
        {
          "language": "php",
          "description": "Implementation for Lack of Rate Limiting on WordPress Login",
          "code": "Install Limit Login Attempts Reloaded. Add fail2ban rules for wp-login.php.",
          "file_location": "functions.php or plugin file"
        }
      ],
      "references": [
        {
          "title": "OWASP Security Guide",
          "url": "https://owasp.org/",
          "type": "documentation"
        },
        {
          "title": "WordPress Security Best Practices",
          "url": "https://wordpress.org/support/article/hardening-wordpress/",
          "type": "documentation"
        }
      ],
      "metadata": {
        "created_at": "2026-01-28T18:23:59.202492Z",
        "updated_at": "2026-01-28T18:23:59.202493Z",
        "version": "1.0.0",
        "author": "Security Team",
        "review_status": "approved",
        "tags": [
          "authentication",
          "high",
          "7"
        ]
      }
    },
    {
      "risk_id": "RISK-095",
      "title": "Username Enumeration via wp-login.php",
      "category": "Authentication",
      "severity": {
        "level": "medium",
        "cvss_score": 5.3,
        "cvss_vector": "CVSS:3.1/AV:N/AC:L/PR:N/UI:N/S:U/C:L/I:N/A:N",
        "business_impact": "Risk of Authentication compromise leading to data breach or system compromise"
      },
      "description": {
        "summary": "Different error messages on wp-login.php reveal valid vs invalid usernames.",
        "detailed": "Different error messages on wp-login.php reveal valid vs invalid usernames.",
        "attack_scenario": "An attacker exploits this authentication to compromise system security",
        "affected_components": [
          "WordPress Core",
          "Plugins",
          "Themes",
          "Custom Code"
        ]
      },
      "owasp_mapping": {
        "owasp_top_10_2021": "A07:2021 - Identification and Authentication Failures",
        "pci_dss": [
          "Requirement-6.5"
        ],
        "gdpr": [
          "Article-32"
        ],
        "nist_csf": [
          "PR.DS-5"
        ],
        "cwe": [
          "CWE-000"
        ]
      },
      "testing": {
        "test_method": "Login error analysis",
        "difficulty": "easy",
        "tools_required": [
          "Manual testing",
          "Browser DevTools"
        ],
        "verification_steps": [
          {
            "step_number": 1,
            "action": "1. POST invalid username",
            "expected_result": "Should be protected/blocked",
            "command": null,
            "automated": false
          },
          {
            "step_number": 2,
            "action": "2. POST known username with bad pass",
            "expected_result": "Should be protected/blocked",
            "command": null,
            "automated": false
          },
          {
            "step_number": 3,
            "action": "3. Compare error messages",
            "expected_result": "Should be protected/blocked",
            "command": null,
            "automated": false
          },
          {
            "step_number": 4,
            "action": "4. Test ?author= confirmation",
            "expected_result": "Should be protected/blocked",
            "command": null,
            "automated": false
          }
        ],
        "test_payloads": []
      },
      "protection": {
        "remediation_effort": "medium",
        "estimated_time": "1-4 hours",
        "priority": 6,
        "automated_protection": {
          "available": true,
          "method": "plugin-configuration",
          "implementation_steps": [
            {
              "step_number": 1,
              "description": "Use uniform error: 'Invalid credentials'. Plugins: Rename wp-login.php.",
              "file": "wp-config.php",
              "code": "Use uniform error: 'Invalid credentials'. Plugins: Rename wp-login.php.",
              "backup_required": true
            }
          ]
        },
        "manual_steps": [
          {
            "step_number": 1,
            "description": "Review and test the protection",
            "reason": "Requires validation in production environment",
            "verification": "Perform security testing after implementation"
          }
        ],
        "configuration_changes": {
          "wp_config": {
            "constants": {}
          },
          "htaccess_rules": [],
          "php_ini": {}
        },
        "plugin_dependencies": []
      },
      "verification_engine": {
        "automated_checks": [
          {
            "check_id": "CHECK-095-001",
            "name": "Username Enumeration via wp-login.php Check",
            "method": "endpoint-test",
            "script": "check_8()",
            "success_criteria": {
              "condition": "equals",
              "expected_value": "protected",
              "actual_value_source": "security_scan"
            },
            "failure_message": "Username Enumeration via wp-login.php vulnerability detected"
          }
        ],
        "manual_verification": [],
        "continuous_monitoring": {
          "enabled": true,
          "frequency": "monthly",
          "alert_on_failure": true,
          "auto_remediate": false
        }
      },
      "ui_configuration": {
        "components": [
          {
            "component_id": "UI-username-enumeration-via-wp-login.php-001",
            "type": "toggle",
            "label": "Enable Username Enumeration via wp-login.php Protection",
            "description": "Activates protection against username enumeration via wp-login.php",
            "default_value": true,
            "options": [],
            "validation": {
              "required": false
            },
            "on_change": "toggleUsernameEnumerationviawp-login.php",
            "dependencies": []
          },
          {
            "component_id": "UI-username-enumeration-via-wp-login.php-002",
            "type": "dropdown",
            "label": "Protection Level",
            "description": "Select the strictness of protection",
            "default_value": "strict",
            "options": [
              "permissive",
              "moderate",
              "strict"
            ],
            "validation": {
              "required": true
            },
            "on_change": "updateProtectionLevel",
            "dependencies": [
              "UI-username-enumeration-via-wp-login.php-001"
            ]
          }
        ],
        "layout": {
          "section": "General",
          "order": 95,
          "collapsible": true,
          "default_expanded": false
        },
        "actions": [
          {
            "action_id": "ACTION-095-001",
            "type": "enable",
            "label": "Enable Protection",
            "confirmation_required": false,
            "confirmation_message": "This will enable protection. Continue?",
            "processing_message": "Enabling protection...",
            "success_message": "Protection enabled successfully",
            "error_handler": "handleProtectionError"
          }
        ]
      },
      "reporting": {
        "status_indicators": [
          {
            "indicator": "protected",
            "display": "badge",
            "message": "Username Enumeration via wp-login.php protection active"
          }
        ],
        "export_formats": [
          "pdf",
          "json",
          "csv"
        ],
        "share_capability": true
      },
      "code_examples": [
        {
          "language": "php",
          "description": "Implementation for Username Enumeration via wp-login.php",
          "code": "Use uniform error: 'Invalid credentials'. Plugins: Rename wp-login.php.",
          "file_location": "functions.php or plugin file"
        }
      ],
      "references": [
        {
          "title": "OWASP Security Guide",
          "url": "https://owasp.org/",
          "type": "documentation"
        },
        {
          "title": "WordPress Security Best Practices",
          "url": "https://wordpress.org/support/article/hardening-wordpress/",
          "type": "documentation"
        }
      ],
      "metadata": {
        "created_at": "2026-01-28T18:23:59.202518Z",
        "updated_at": "2026-01-28T18:23:59.202519Z",
        "version": "1.0.0",
        "author": "Security Team",
        "review_status": "approved",
        "tags": [
          "authentication",
          "medium",
          "8"
        ]
      }
    },
    {
      "risk_id": "RISK-096",
      "title": "Lack of Rate Limiting on Contact and Registration Forms",
      "category": "Configuration",
      "severity": {
        "level": "medium",
        "cvss_score": 5.3,
        "cvss_vector": "CVSS:3.1/AV:N/AC:L/PR:N/UI:N/S:U/C:L/I:N/A:N",
        "business_impact": "Risk of Configuration compromise leading to data breach or system compromise"
      },
      "description": {
        "summary": "Contact/registration forms allow spam/DoS without submission limits.",
        "detailed": "Contact/registration forms allow spam/DoS without submission limits.",
        "attack_scenario": "An attacker exploits this configuration to compromise system security",
        "affected_components": [
          "WordPress Core",
          "Plugins",
          "Themes",
          "Custom Code"
        ]
      },
      "owasp_mapping": {
        "owasp_top_10_2021": "A04:2021 - Insecure Design",
        "pci_dss": [
          "Requirement-6.5"
        ],
        "gdpr": [
          "Article-32"
        ],
        "nist_csf": [
          "PR.DS-5"
        ],
        "cwe": [
          "CWE-000"
        ]
      },
      "testing": {
        "test_method": "Form spam test",
        "difficulty": "easy",
        "tools_required": [
          "Manual testing",
          "Browser DevTools"
        ],
        "verification_steps": [
          {
            "step_number": 1,
            "action": "1. Submit forms rapidly",
            "expected_result": "Should be protected/blocked",
            "command": null,
            "automated": false
          },
          {
            "step_number": 2,
            "action": "2. Check for throttling",
            "expected_result": "Should be protected/blocked",
            "command": null,
            "automated": false
          },
          {
            "step_number": 3,
            "action": "3. Monitor email/database load",
            "expected_result": "Should be protected/blocked",
            "command": null,
            "automated": false
          },
          {
            "step_number": 4,
            "action": "4. Test with bots",
            "expected_result": "Should be protected/blocked",
            "command": null,
            "automated": false
          }
        ],
        "test_payloads": []
      },
      "protection": {
        "remediation_effort": "low",
        "estimated_time": "1-4 hours",
        "priority": 6,
        "automated_protection": {
          "available": true,
          "method": "plugin-configuration",
          "implementation_steps": [
            {
              "step_number": 1,
              "description": "Add reCAPTCHA v3. Rate limit via server config or plugins like WPForms Smart Tags.",
              "file": "wp-config.php",
              "code": "Add reCAPTCHA v3. Rate limit via server config or plugins like WPForms Smart Tags.",
              "backup_required": true
            }
          ]
        },
        "manual_steps": [
          {
            "step_number": 1,
            "description": "Review and test the protection",
            "reason": "Requires validation in production environment",
            "verification": "Perform security testing after implementation"
          }
        ],
        "configuration_changes": {
          "wp_config": {
            "constants": {}
          },
          "htaccess_rules": [],
          "php_ini": {}
        },
        "plugin_dependencies": []
      },
      "verification_engine": {
        "automated_checks": [
          {
            "check_id": "CHECK-096-001",
            "name": "Lack of Rate Limiting on Contact and Registration Forms Check",
            "method": "endpoint-test",
            "script": "check_9()",
            "success_criteria": {
              "condition": "equals",
              "expected_value": "protected",
              "actual_value_source": "security_scan"
            },
            "failure_message": "Lack of Rate Limiting on Contact and Registration Forms vulnerability detected"
          }
        ],
        "manual_verification": [],
        "continuous_monitoring": {
          "enabled": true,
          "frequency": "monthly",
          "alert_on_failure": true,
          "auto_remediate": false
        }
      },
      "ui_configuration": {
        "components": [
          {
            "component_id": "UI-lack-of-rate-limiting-on-contact-and-registration-forms-001",
            "type": "toggle",
            "label": "Enable Lack of Rate Limiting on Contact and Registration Forms Protection",
            "description": "Activates protection against lack of rate limiting on contact and registration forms",
            "default_value": true,
            "options": [],
            "validation": {
              "required": false
            },
            "on_change": "toggleLackofRateLimitingonContactandRegistrationForms",
            "dependencies": []
          }
        ],
        "layout": {
          "section": "General",
          "order": 96,
          "collapsible": true,
          "default_expanded": false
        },
        "actions": [
          {
            "action_id": "ACTION-096-001",
            "type": "enable",
            "label": "Enable Protection",
            "confirmation_required": false,
            "confirmation_message": "This will enable protection. Continue?",
            "processing_message": "Enabling protection...",
            "success_message": "Protection enabled successfully",
            "error_handler": "handleProtectionError"
          }
        ]
      },
      "reporting": {
        "status_indicators": [
          {
            "indicator": "protected",
            "display": "badge",
            "message": "Lack of Rate Limiting on Contact and Registration Forms protection active"
          }
        ],
        "export_formats": [
          "pdf",
          "json",
          "csv"
        ],
        "share_capability": true
      },
      "code_examples": [
        {
          "language": "php",
          "description": "Implementation for Lack of Rate Limiting on Contact and Registration Forms",
          "code": "Add reCAPTCHA v3. Rate limit via server config or plugins like WPForms Smart Tags.",
          "file_location": "functions.php or plugin file"
        }
      ],
      "references": [
        {
          "title": "OWASP Security Guide",
          "url": "https://owasp.org/",
          "type": "documentation"
        },
        {
          "title": "WordPress Security Best Practices",
          "url": "https://wordpress.org/support/article/hardening-wordpress/",
          "type": "documentation"
        }
      ],
      "metadata": {
        "created_at": "2026-01-28T18:23:59.202548Z",
        "updated_at": "2026-01-28T18:23:59.202549Z",
        "version": "1.0.0",
        "author": "Security Team",
        "review_status": "approved",
        "tags": [
          "configuration",
          "medium",
          "9"
        ]
      }
    },
    {
      "risk_id": "RISK-097",
      "title": "Server Banner Grabbing",
      "category": "Information Disclosure",
      "severity": {
        "level": "low",
        "cvss_score": 3.7,
        "cvss_vector": "CVSS:3.1/AV:N/AC:H/PR:N/UI:N/S:U/C:L/I:N/A:N",
        "business_impact": "Risk of Information Disclosure compromise leading to data breach or system compromise"
      },
      "description": {
        "summary": "Server headers expose Apache/Nginx versions for targeted exploits.",
        "detailed": "Server headers expose Apache/Nginx versions for targeted exploits.",
        "attack_scenario": "An attacker exploits this information disclosure to compromise system security",
        "affected_components": [
          "WordPress Core",
          "Plugins",
          "Themes",
          "Custom Code"
        ]
      },
      "owasp_mapping": {
        "owasp_top_10_2021": "A05:2021 - Security Misconfiguration",
        "pci_dss": [
          "Requirement-6.5"
        ],
        "gdpr": [
          "Article-32"
        ],
        "nist_csf": [
          "PR.DS-5"
        ],
        "cwe": [
          "CWE-000"
        ]
      },
      "testing": {
        "test_method": "Header inspection",
        "difficulty": "easy",
        "tools_required": [
          "Manual testing",
          "Browser DevTools"
        ],
        "verification_steps": [
          {
            "step_number": 1,
            "action": "1. curl -I domain.com",
            "expected_result": "Should be protected/blocked",
            "command": null,
            "automated": false
          },
          {
            "step_number": 2,
            "action": "2. Check Server: header",
            "expected_result": "Should be protected/blocked",
            "command": null,
            "automated": false
          },
          {
            "step_number": 3,
            "action": "3. Verify no version info hidden",
            "expected_result": "Should be protected/blocked",
            "command": null,
            "automated": false
          },
          {
            "step_number": 4,
            "action": "4. Test all vhosts",
            "expected_result": "Should be protected/blocked",
            "command": null,
            "automated": false
          }
        ],
        "test_payloads": []
      },
      "protection": {
        "remediation_effort": "low",
        "estimated_time": "1-4 hours",
        "priority": 4,
        "automated_protection": {
          "available": true,
          "method": "plugin-configuration",
          "implementation_steps": [
            {
              "step_number": 1,
              "description": "Apache: ServerTokens Prod. Nginx: server_tokens off;.htaccess: Header unset Server.",
              "file": "wp-config.php",
              "code": "Apache: ServerTokens Prod. Nginx: server_tokens off;.htaccess: Header unset Server.",
              "backup_required": true
            }
          ]
        },
        "manual_steps": [
          {
            "step_number": 1,
            "description": "Review and test the protection",
            "reason": "Requires validation in production environment",
            "verification": "Perform security testing after implementation"
          }
        ],
        "configuration_changes": {
          "wp_config": {
            "constants": {}
          },
          "htaccess_rules": [],
          "php_ini": {}
        },
        "plugin_dependencies": []
      },
      "verification_engine": {
        "automated_checks": [
          {
            "check_id": "CHECK-097-001",
            "name": "Server Banner Grabbing Check",
            "method": "endpoint-test",
            "script": "check_10()",
            "success_criteria": {
              "condition": "equals",
              "expected_value": "protected",
              "actual_value_source": "security_scan"
            },
            "failure_message": "Server Banner Grabbing vulnerability detected"
          }
        ],
        "manual_verification": [],
        "continuous_monitoring": {
          "enabled": true,
          "frequency": "monthly",
          "alert_on_failure": true,
          "auto_remediate": false
        }
      },
      "ui_configuration": {
        "components": [
          {
            "component_id": "UI-server-banner-grabbing-001",
            "type": "toggle",
            "label": "Enable Server Banner Grabbing Protection",
            "description": "Activates protection against server banner grabbing",
            "default_value": true,
            "options": [],
            "validation": {
              "required": false
            },
            "on_change": "toggleServerBannerGrabbing",
            "dependencies": []
          }
        ],
        "layout": {
          "section": "General",
          "order": 97,
          "collapsible": true,
          "default_expanded": false
        },
        "actions": [
          {
            "action_id": "ACTION-097-001",
            "type": "enable",
            "label": "Enable Protection",
            "confirmation_required": false,
            "confirmation_message": "This will enable protection. Continue?",
            "processing_message": "Enabling protection...",
            "success_message": "Protection enabled successfully",
            "error_handler": "handleProtectionError"
          }
        ]
      },
      "reporting": {
        "status_indicators": [
          {
            "indicator": "protected",
            "display": "badge",
            "message": "Server Banner Grabbing protection active"
          }
        ],
        "export_formats": [
          "pdf",
          "json",
          "csv"
        ],
        "share_capability": true
      },
      "code_examples": [
        {
          "language": "php",
          "description": "Implementation for Server Banner Grabbing",
          "code": "Apache: ServerTokens Prod. Nginx: server_tokens off;.htaccess: Header unset Server.",
          "file_location": "functions.php or plugin file"
        }
      ],
      "references": [
        {
          "title": "OWASP Security Guide",
          "url": "https://owasp.org/",
          "type": "documentation"
        },
        {
          "title": "WordPress Security Best Practices",
          "url": "https://wordpress.org/support/article/hardening-wordpress/",
          "type": "documentation"
        }
      ],
      "metadata": {
        "created_at": "2026-01-28T18:23:59.202574Z",
        "updated_at": "2026-01-28T18:23:59.202575Z",
        "version": "1.0.0",
        "author": "Security Team",
        "review_status": "approved",
        "tags": [
          "information disclosure",
          "low",
          "10"
        ]
      }
    },
    {
      "risk_id": "RISK-098",
      "title": "Information Disclosure via readme.html",
      "category": "Information Disclosure",
      "severity": {
        "level": "medium",
        "cvss_score": 5.3,
        "cvss_vector": "CVSS:3.1/AV:N/AC:L/PR:N/UI:N/S:U/C:L/I:N/A:N",
        "business_impact": "Risk of Information Disclosure compromise leading to data breach or system compromise"
      },
      "description": {
        "summary": "Root readme.html exposes exact WordPress version to attackers. New",
        "detailed": "Root readme.html exposes exact WordPress version to attackers.",
        "attack_scenario": "An attacker exploits this information disclosure to compromise system security",
        "affected_components": [
          "WordPress Core",
          "Plugins",
          "Themes",
          "Custom Code"
        ]
      },
      "owasp_mapping": {
        "owasp_top_10_2021": "A05:2021 - Security Misconfiguration",
        "pci_dss": [
          "Requirement-6.5"
        ],
        "gdpr": [
          "Article-32"
        ],
        "nist_csf": [
          "PR.DS-5"
        ],
        "cwe": [
          "CWE-000"
        ]
      },
      "testing": {
        "test_method": "Static file access",
        "difficulty": "easy",
        "tools_required": [
          "Manual testing",
          "Browser DevTools"
        ],
        "verification_steps": [
          {
            "step_number": 1,
            "action": "1. GET /readme.html",
            "expected_result": "Should be protected/blocked",
            "command": null,
            "automated": false
          },
          {
            "step_number": 2,
            "action": "2. Extract version from content",
            "expected_result": "Should be protected/blocked",
            "command": null,
            "automated": false
          },
          {
            "step_number": 3,
            "action": "3. Check generator meta tags",
            "expected_result": "Should be protected/blocked",
            "command": null,
            "automated": false
          },
          {
            "step_number": 4,
            "action": "4. Verify public access",
            "expected_result": "Should be protected/blocked",
            "command": null,
            "automated": false
          }
        ],
        "test_payloads": []
      },
      "protection": {
        "remediation_effort": "low",
        "estimated_time": "1-4 hours",
        "priority": 6,
        "automated_protection": {
          "available": true,
          "method": "plugin-configuration",
          "implementation_steps": [
            {
              "step_number": 1,
              "description": ".htaccess: <Files readme.html> Order allow,deny Deny from all </Files>. Delete file.",
              "file": "wp-config.php",
              "code": ".htaccess: <Files readme.html> Order allow,deny Deny from all </Files>. Delete file.",
              "backup_required": true
            }
          ]
        },
        "manual_steps": [
          {
            "step_number": 1,
            "description": "Review and test the protection",
            "reason": "Requires validation in production environment",
            "verification": "Perform security testing after implementation"
          }
        ],
        "configuration_changes": {
          "wp_config": {
            "constants": {}
          },
          "htaccess_rules": [],
          "php_ini": {}
        },
        "plugin_dependencies": []
      },
      "verification_engine": {
        "automated_checks": [
          {
            "check_id": "CHECK-098-001",
            "name": "Information Disclosure via readme.html Check",
            "method": "endpoint-test",
            "script": "check_11()",
            "success_criteria": {
              "condition": "equals",
              "expected_value": "protected",
              "actual_value_source": "security_scan"
            },
            "failure_message": "Information Disclosure via readme.html vulnerability detected"
          }
        ],
        "manual_verification": [],
        "continuous_monitoring": {
          "enabled": true,
          "frequency": "monthly",
          "alert_on_failure": true,
          "auto_remediate": false
        }
      },
      "ui_configuration": {
        "components": [
          {
            "component_id": "UI-information-disclosure-via-readme.html-001",
            "type": "toggle",
            "label": "Enable Information Disclosure via readme.html Protection",
            "description": "Activates protection against information disclosure via readme.html",
            "default_value": true,
            "options": [],
            "validation": {
              "required": false
            },
            "on_change": "toggleInformationDisclosureviareadme.html",
            "dependencies": []
          }
        ],
        "layout": {
          "section": "General",
          "order": 98,
          "collapsible": true,
          "default_expanded": false
        },
        "actions": [
          {
            "action_id": "ACTION-098-001",
            "type": "enable",
            "label": "Enable Protection",
            "confirmation_required": false,
            "confirmation_message": "This will enable protection. Continue?",
            "processing_message": "Enabling protection...",
            "success_message": "Protection enabled successfully",
            "error_handler": "handleProtectionError"
          }
        ]
      },
      "reporting": {
        "status_indicators": [
          {
            "indicator": "protected",
            "display": "badge",
            "message": "Information Disclosure via readme.html protection active"
          }
        ],
        "export_formats": [
          "pdf",
          "json",
          "csv"
        ],
        "share_capability": true
      },
      "code_examples": [
        {
          "language": "php",
          "description": "Implementation for Information Disclosure via readme.html",
          "code": ".htaccess: <Files readme.html> Order allow,deny Deny from all </Files>. Delete file.",
          "file_location": "functions.php or plugin file"
        }
      ],
      "references": [
        {
          "title": "OWASP Security Guide",
          "url": "https://owasp.org/",
          "type": "documentation"
        },
        {
          "title": "WordPress Security Best Practices",
          "url": "https://wordpress.org/support/article/hardening-wordpress/",
          "type": "documentation"
        }
      ],
      "metadata": {
        "created_at": "2026-01-28T18:23:59.202601Z",
        "updated_at": "2026-01-28T18:23:59.202602Z",
        "version": "1.0.0",
        "author": "Security Team",
        "review_status": "approved",
        "tags": [
          "information disclosure",
          "medium",
          "11"
        ]
      }
    },
    {
      "risk_id": "RISK-099",
      "title": "HSTS Not Implemented",
      "category": "Configuration",
      "severity": {
        "level": "medium",
        "cvss_score": 5.3,
        "cvss_vector": "CVSS:3.1/AV:N/AC:L/PR:N/UI:N/S:U/C:L/I:N/A:N",
        "business_impact": "Risk of Configuration compromise leading to data breach or system compromise"
      },
      "description": {
        "summary": "Missing HSTS header enables HTTPS downgrade and MITM attacks.",
        "detailed": "Missing HSTS header enables HTTPS downgrade and MITM attacks.",
        "attack_scenario": "An attacker exploits this configuration to compromise system security",
        "affected_components": [
          "WordPress Core",
          "Plugins",
          "Themes",
          "Custom Code"
        ]
      },
      "owasp_mapping": {
        "owasp_top_10_2021": "A05:2021 - Security Misconfiguration",
        "pci_dss": [
          "Requirement-6.5"
        ],
        "gdpr": [
          "Article-32"
        ],
        "nist_csf": [
          "PR.DS-5"
        ],
        "cwe": [
          "CWE-000"
        ]
      },
      "testing": {
        "test_method": "Header scan",
        "difficulty": "easy",
        "tools_required": [
          "Manual testing",
          "Browser DevTools"
        ],
        "verification_steps": [
          {
            "step_number": 1,
            "action": "1. curl -I https://domain.com",
            "expected_result": "Should be protected/blocked",
            "command": null,
            "automated": false
          },
          {
            "step_number": 2,
            "action": "2. Check Strict-Transport-Security header",
            "expected_result": "Should be protected/blocked",
            "command": null,
            "automated": false
          },
          {
            "step_number": 3,
            "action": "3. Test ssllabs.com/ssltest",
            "expected_result": "Should be protected/blocked",
            "command": null,
            "automated": false
          },
          {
            "step_number": 4,
            "action": "4. Verify preload eligibility",
            "expected_result": "Should be protected/blocked",
            "command": null,
            "automated": false
          }
        ],
        "test_payloads": []
      },
      "protection": {
        "remediation_effort": "low",
        "estimated_time": "1-4 hours",
        "priority": 6,
        "automated_protection": {
          "available": true,
          "method": "plugin-configuration",
          "implementation_steps": [
            {
              "step_number": 1,
              "description": "Add to .htaccess: Header always set Strict-Transport-Security 'max-age=31536000; includeSubDomains'. Use security plugins.",
              "file": "wp-config.php",
              "code": "Add to .htaccess: Header always set Strict-Transport-Security 'max-age=31536000; includeSubDomains'. Use security plugins.",
              "backup_required": true
            }
          ]
        },
        "manual_steps": [
          {
            "step_number": 1,
            "description": "Review and test the protection",
            "reason": "Requires validation in production environment",
            "verification": "Perform security testing after implementation"
          }
        ],
        "configuration_changes": {
          "wp_config": {
            "constants": {}
          },
          "htaccess_rules": [],
          "php_ini": {}
        },
        "plugin_dependencies": []
      },
      "verification_engine": {
        "automated_checks": [
          {
            "check_id": "CHECK-099-001",
            "name": "HSTS Not Implemented Check",
            "method": "endpoint-test",
            "script": "check_12()",
            "success_criteria": {
              "condition": "equals",
              "expected_value": "protected",
              "actual_value_source": "security_scan"
            },
            "failure_message": "HSTS Not Implemented vulnerability detected"
          }
        ],
        "manual_verification": [],
        "continuous_monitoring": {
          "enabled": true,
          "frequency": "monthly",
          "alert_on_failure": true,
          "auto_remediate": false
        }
      },
      "ui_configuration": {
        "components": [
          {
            "component_id": "UI-hsts-not-implemented-001",
            "type": "toggle",
            "label": "Enable HSTS Not Implemented Protection",
            "description": "Activates protection against hsts not implemented",
            "default_value": true,
            "options": [],
            "validation": {
              "required": false
            },
            "on_change": "toggleHSTSNotImplemented",
            "dependencies": []
          }
        ],
        "layout": {
          "section": "General",
          "order": 99,
          "collapsible": true,
          "default_expanded": false
        },
        "actions": [
          {
            "action_id": "ACTION-099-001",
            "type": "enable",
            "label": "Enable Protection",
            "confirmation_required": false,
            "confirmation_message": "This will enable protection. Continue?",
            "processing_message": "Enabling protection...",
            "success_message": "Protection enabled successfully",
            "error_handler": "handleProtectionError"
          }
        ]
      },
      "reporting": {
        "status_indicators": [
          {
            "indicator": "protected",
            "display": "badge",
            "message": "HSTS Not Implemented protection active"
          }
        ],
        "export_formats": [
          "pdf",
          "json",
          "csv"
        ],
        "share_capability": true
      },
      "code_examples": [
        {
          "language": "php",
          "description": "Implementation for HSTS Not Implemented",
          "code": "Add to .htaccess: Header always set Strict-Transport-Security 'max-age=31536000; includeSubDomains'. Use security plugins.",
          "file_location": "functions.php or plugin file"
        }
      ],
      "references": [
        {
          "title": "OWASP Security Guide",
          "url": "https://owasp.org/",
          "type": "documentation"
        },
        {
          "title": "WordPress Security Best Practices",
          "url": "https://wordpress.org/support/article/hardening-wordpress/",
          "type": "documentation"
        }
      ],
      "metadata": {
        "created_at": "2026-01-28T18:23:59.202626Z",
        "updated_at": "2026-01-28T18:23:59.202627Z",
        "version": "1.0.0",
        "author": "Security Team",
        "review_status": "approved",
        "tags": [
          "configuration",
          "medium",
          "12"
        ]
      }
    }
  ],
  "ai_agent_instructions": {
    "prompt_template": "Generate a React component for risk ID {risk_id} with UI elements defined in ui_configuration section. Include all verification steps, protection methods, and status indicators.",
    "context_fields": [
      "risk_id",
      "title",
      "severity",
      "description",
      "verification_steps",
      "protection",
      "ui_configuration"
    ],
    "output_format": "React JSX component with Tailwind CSS styling",
    "validation_rules": [
      "All required components must be rendered",
      "Severity badges must use appropriate colors (red=critical, orange=high, yellow=medium, blue=low)",
      "Actions must include confirmation dialogs where specified",
      "Form validation must match schema requirements",
      "All verification steps must be executable"
    ],
    "examples": [
      {
        "input_risk_id": "RISK-001",
        "expected_output": "React component with toggle for version removal, scan button, and status badge"
      }
    ]
  },
  "global_settings": {
    "backup_before_changes": true,
    "rollback_capability": true,
    "logging_level": "info",
    "notification_settings": {
      "email": true,
      "dashboard": true,
      "slack": false
    },
    "auto_update_rules": true,
    "scheduled_scans": true,
    "scan_frequency": "daily"
  }
}